timestamp,epoch,batch,loss,accuracy,phase
2026-06-04 13:53:02,1,1,25.7258,0.00,train_batch
2026-06-04 13:53:04,1,2,25.8788,0.00,train_batch
2026-06-04 13:53:05,1,3,25.9836,0.00,train_batch
2026-06-04 13:53:06,1,4,25.7615,0.00,train_batch
2026-06-04 13:53:08,1,5,25.9041,0.00,train_batch
2026-06-04 13:53:09,1,6,25.9166,0.00,train_batch
2026-06-04 13:53:11,1,7,25.9311,0.00,train_batch
2026-06-04 13:53:12,1,8,25.7850,0.00,train_batch
2026-06-04 13:53:13,1,9,25.8253,0.00,train_batch
2026-06-04 13:53:15,1,10,25.8269,0.00,train_batch
2026-06-04 13:53:16,1,11,25.6371,0.00,train_batch
2026-06-04 13:53:17,1,12,25.7044,0.00,train_batch
2026-06-04 13:53:18,1,13,25.6928,0.00,train_batch
2026-06-04 13:53:20,1,14,25.9766,0.00,train_batch
2026-06-04 13:53:21,1,15,25.7777,0.00,train_batch
2026-06-04 13:53:22,1,16,25.7819,0.00,train_batch
2026-06-04 13:53:24,1,17,25.7355,0.00,train_batch
2026-06-04 13:53:25,1,18,25.8287,0.00,train_batch
2026-06-04 13:53:26,1,19,25.8430,0.00,train_batch
2026-06-04 13:53:27,1,20,25.5361,0.00,train_batch
2026-06-04 13:53:29,1,21,25.7798,0.00,train_batch
2026-06-04 13:53:30,1,22,25.8068,0.00,train_batch
2026-06-04 13:53:32,1,23,25.8115,0.00,train_batch
2026-06-04 13:53:33,1,24,25.6208,0.00,train_batch
2026-06-04 13:53:34,1,25,25.4774,0.00,train_batch
2026-06-04 13:53:35,1,26,25.5371,0.00,train_batch
2026-06-04 13:53:37,1,27,25.7437,0.00,train_batch
2026-06-04 13:53:38,1,28,25.5368,0.00,train_batch
2026-06-04 13:53:39,1,29,25.8003,0.00,train_batch
2026-06-04 13:53:41,1,30,25.3547,0.00,train_batch
2026-06-04 13:53:42,1,31,25.6108,0.00,train_batch
2026-06-04 13:53:43,1,32,25.5231,0.00,train_batch
2026-06-04 13:53:44,1,33,25.6904,0.00,train_batch
2026-06-04 13:53:46,1,34,25.3418,0.00,train_batch
2026-06-04 13:53:47,1,35,25.6845,0.00,train_batch
2026-06-04 13:53:48,1,36,25.7399,0.00,train_batch
2026-06-04 13:53:50,1,37,25.3816,0.00,train_batch
2026-06-04 13:53:51,1,38,25.5124,0.00,train_batch
2026-06-04 13:53:52,1,39,25.5313,0.00,train_batch
2026-06-04 13:53:53,1,40,25.3451,0.00,train_batch
2026-06-04 13:53:55,1,41,25.5392,0.00,train_batch
2026-06-04 13:53:56,1,42,25.5782,0.00,train_batch
2026-06-04 13:53:57,1,43,25.6049,0.00,train_batch
2026-06-04 13:53:58,1,44,25.5213,0.00,train_batch
2026-06-04 13:54:00,1,45,25.7479,0.00,train_batch
2026-06-04 13:54:01,1,46,25.5960,0.00,train_batch
2026-06-04 13:54:03,1,47,25.4288,0.00,train_batch
2026-06-04 13:54:04,1,48,25.6404,0.00,train_batch
2026-06-04 13:54:06,1,49,25.1547,0.00,train_batch
2026-06-04 13:54:07,1,50,25.5878,0.00,train_batch
2026-06-04 13:54:09,1,51,25.7646,0.00,train_batch
2026-06-04 13:54:10,1,52,25.1951,0.00,train_batch
2026-06-04 13:54:11,1,53,25.4528,0.00,train_batch
2026-06-04 13:54:12,1,54,25.5238,0.00,train_batch
2026-06-04 13:54:14,1,55,25.4391,0.00,train_batch
2026-06-04 13:54:15,1,56,25.3052,0.00,train_batch
2026-06-04 13:54:17,1,57,25.6402,0.00,train_batch
2026-06-04 13:54:18,1,58,25.5364,0.00,train_batch
2026-06-04 13:54:19,1,59,25.3912,0.00,train_batch
2026-06-04 13:54:21,1,60,25.5154,0.00,train_batch
2026-06-04 13:54:22,1,61,25.4189,0.00,train_batch
2026-06-04 13:54:24,1,62,25.5573,0.00,train_batch
2026-06-04 13:54:25,1,63,25.6033,0.00,train_batch
2026-06-04 13:54:26,1,64,25.5383,0.00,train_batch
2026-06-04 13:54:27,1,65,25.2922,0.00,train_batch
2026-06-04 13:54:29,1,66,25.2250,0.00,train_batch
2026-06-04 13:54:30,1,67,25.3260,0.00,train_batch
2026-06-04 13:54:32,1,68,25.3077,0.00,train_batch
2026-06-04 13:54:33,1,69,25.7214,0.00,train_batch
2026-06-04 13:54:34,1,70,25.2980,0.00,train_batch
2026-06-04 13:54:36,1,71,25.3410,0.00,train_batch
2026-06-04 13:54:37,1,72,25.5234,0.00,train_batch
2026-06-04 13:54:39,1,73,25.1635,0.00,train_batch
2026-06-04 13:54:40,1,74,25.6668,0.00,train_batch
2026-06-04 13:54:41,1,75,25.3548,0.00,train_batch
2026-06-04 13:54:43,1,76,25.2072,0.00,train_batch
2026-06-04 13:54:44,1,77,25.3706,0.00,train_batch
2026-06-04 13:54:45,1,78,25.6308,0.00,train_batch
2026-06-04 13:54:46,1,79,25.1701,0.00,train_batch
2026-06-04 13:54:48,1,80,25.3559,0.00,train_batch
2026-06-04 13:54:49,1,81,25.2060,0.00,train_batch
2026-06-04 13:54:50,1,82,25.0225,0.00,train_batch
2026-06-04 13:54:51,1,83,25.1345,0.00,train_batch
2026-06-04 13:54:53,1,84,25.1885,0.00,train_batch
2026-06-04 13:54:54,1,85,25.5403,0.00,train_batch
2026-06-04 13:54:55,1,86,25.1482,0.00,train_batch
2026-06-04 13:54:56,1,87,25.1559,0.00,train_batch
2026-06-04 13:54:58,1,88,25.6880,0.00,train_batch
2026-06-04 13:54:59,1,89,25.2197,0.00,train_batch
2026-06-04 13:55:00,1,90,25.1523,0.00,train_batch
2026-06-04 13:55:01,1,91,25.2517,0.00,train_batch
2026-06-04 13:55:03,1,92,25.0126,0.00,train_batch
2026-06-04 13:55:04,1,93,25.4743,0.00,train_batch
2026-06-04 13:55:05,1,94,25.1779,0.00,train_batch
2026-06-04 13:55:06,1,95,25.1684,0.00,train_batch
2026-06-04 13:55:07,1,96,25.5196,0.00,train_batch
2026-06-04 13:55:09,1,97,25.1960,0.00,train_batch
2026-06-04 13:55:10,1,98,25.2126,0.00,train_batch
2026-06-04 13:55:11,1,99,25.5129,0.00,train_batch
2026-06-04 13:55:12,1,100,25.2741,0.00,train_batch
2026-06-04 13:55:13,1,101,25.4472,0.00,train_batch
2026-06-04 13:55:14,1,102,25.0419,0.00,train_batch
2026-06-04 13:55:16,1,103,25.0627,0.00,train_batch
2026-06-04 13:55:17,1,104,24.9862,0.00,train_batch
2026-06-04 13:55:18,1,105,25.1449,0.00,train_batch
2026-06-04 13:55:19,1,106,25.0956,0.00,train_batch
2026-06-04 13:55:20,1,107,25.0368,0.00,train_batch
2026-06-04 13:55:22,1,108,25.3745,0.00,train_batch
2026-06-04 13:55:23,1,109,25.0858,0.00,train_batch
2026-06-04 13:55:24,1,110,25.0939,0.00,train_batch
2026-06-04 13:55:25,1,111,25.0180,0.00,train_batch
2026-06-04 13:55:27,1,112,25.2226,0.00,train_batch
2026-06-04 13:55:29,1,ALL,25.4731,0.00,train_epoch
2026-06-04 13:55:29,1,ALL,18.6716,0.00,val_epoch
2026-06-04 13:55:31,2,1,25.0317,0.00,train_batch
2026-06-04 13:55:32,2,2,24.9237,0.00,train_batch
2026-06-04 13:55:33,2,3,25.2151,0.00,train_batch
2026-06-04 13:55:35,2,4,25.2019,0.00,train_batch
2026-06-04 13:55:36,2,5,25.2452,0.00,train_batch
2026-06-04 13:55:37,2,6,25.3387,0.00,train_batch
2026-06-04 13:55:38,2,7,24.9472,0.00,train_batch
2026-06-04 13:55:39,2,8,25.2938,0.00,train_batch
2026-06-04 13:55:40,2,9,25.0794,0.00,train_batch
2026-06-04 13:55:41,2,10,24.8042,0.00,train_batch
2026-06-04 13:55:42,2,11,24.7023,0.00,train_batch
2026-06-04 13:55:44,2,12,25.1991,0.00,train_batch
2026-06-04 13:55:45,2,13,25.0582,0.00,train_batch
2026-06-04 13:55:46,2,14,25.0783,0.00,train_batch
2026-06-04 13:55:47,2,15,24.9098,0.00,train_batch
2026-06-04 13:55:48,2,16,25.3159,0.00,train_batch
2026-06-04 13:55:49,2,17,24.1758,0.00,train_batch
2026-06-04 13:55:49,2,18,25.1614,0.00,train_batch
2026-06-04 13:55:50,2,19,24.9453,0.00,train_batch
2026-06-04 13:55:51,2,20,25.0857,0.00,train_batch
2026-06-04 13:55:52,2,21,25.1171,0.00,train_batch
2026-06-04 13:55:53,2,22,25.3497,0.00,train_batch
2026-06-04 13:55:54,2,23,24.8831,0.00,train_batch
2026-06-04 13:55:55,2,24,24.7856,0.00,train_batch
2026-06-04 13:55:56,2,25,24.7831,0.00,train_batch
2026-06-04 13:55:57,2,26,24.9804,0.00,train_batch
2026-06-04 13:55:58,2,27,24.8734,0.00,train_batch
2026-06-04 13:55:59,2,28,25.1146,0.00,train_batch
2026-06-04 13:56:00,2,29,24.8256,0.00,train_batch
2026-06-04 13:56:01,2,30,24.6373,0.00,train_batch
2026-06-04 13:56:02,2,31,25.2028,0.00,train_batch
2026-06-04 13:56:03,2,32,25.3747,0.00,train_batch
2026-06-04 13:56:04,2,33,24.5859,0.00,train_batch
2026-06-04 13:56:05,2,34,25.0209,0.00,train_batch
2026-06-04 13:56:06,2,35,25.2828,0.00,train_batch
2026-06-04 13:56:07,2,36,24.7984,0.00,train_batch
2026-06-04 13:56:08,2,37,24.7325,0.00,train_batch
2026-06-04 13:56:09,2,38,24.6270,0.00,train_batch
2026-06-04 13:56:11,2,39,25.0568,0.00,train_batch
2026-06-04 13:56:12,2,40,24.9257,0.00,train_batch
2026-06-04 13:56:13,2,41,24.8948,0.00,train_batch
2026-06-04 13:56:14,2,42,24.6506,0.00,train_batch
2026-06-04 13:56:15,2,43,24.9563,0.00,train_batch
2026-06-04 13:56:17,2,44,24.9071,0.00,train_batch
2026-06-04 13:56:18,2,45,24.8480,0.00,train_batch
2026-06-04 13:56:19,2,46,25.0209,0.00,train_batch
2026-06-04 13:56:20,2,47,24.9295,0.00,train_batch
2026-06-04 13:56:21,2,48,24.7488,0.00,train_batch
2026-06-04 13:56:22,2,49,24.3554,0.00,train_batch
2026-06-04 13:56:23,2,50,24.9243,0.00,train_batch
2026-06-04 13:56:23,2,51,24.6360,0.00,train_batch
2026-06-04 13:56:24,2,52,24.6920,0.00,train_batch
2026-06-04 13:56:25,2,53,24.9817,0.00,train_batch
2026-06-04 13:56:26,2,54,24.8178,0.00,train_batch
2026-06-04 13:56:27,2,55,25.0191,0.00,train_batch
2026-06-04 13:56:28,2,56,24.6854,0.00,train_batch
2026-06-04 13:56:29,2,57,24.8812,0.00,train_batch
2026-06-04 13:56:30,2,58,24.9737,0.00,train_batch
2026-06-04 13:56:31,2,59,25.0271,0.00,train_batch
2026-06-04 13:56:32,2,60,24.6899,0.00,train_batch
2026-06-04 13:56:33,2,61,24.7916,0.00,train_batch
2026-06-04 13:56:34,2,62,24.7621,0.00,train_batch
2026-06-04 13:56:35,2,63,25.0108,0.00,train_batch
2026-06-04 13:56:36,2,64,24.6698,0.00,train_batch
2026-06-04 13:56:37,2,65,24.2944,0.00,train_batch
2026-06-04 13:56:38,2,66,24.6556,0.00,train_batch
2026-06-04 13:56:39,2,67,24.9643,0.00,train_batch
2026-06-04 13:56:40,2,68,24.5792,0.00,train_batch
2026-06-04 13:56:41,2,69,24.9199,0.00,train_batch
2026-06-04 13:56:42,2,70,24.6223,0.00,train_batch
2026-06-04 13:56:43,2,71,24.6528,0.00,train_batch
2026-06-04 13:56:44,2,72,24.4924,0.00,train_batch
2026-06-04 13:56:45,2,73,24.4334,0.00,train_batch
2026-06-04 13:56:46,2,74,24.9600,0.00,train_batch
2026-06-04 13:56:47,2,75,24.1234,0.00,train_batch
2026-06-04 13:56:48,2,76,24.8188,0.00,train_batch
2026-06-04 13:56:49,2,77,24.8328,0.00,train_batch
2026-06-04 13:56:50,2,78,24.4169,0.00,train_batch
2026-06-04 13:56:51,2,79,24.7922,0.00,train_batch
2026-06-04 13:56:52,2,80,24.5135,0.00,train_batch
2026-06-04 13:56:54,2,81,25.0001,0.00,train_batch
2026-06-04 13:56:55,2,82,24.5128,0.00,train_batch
2026-06-04 13:56:56,2,83,24.5291,0.00,train_batch
2026-06-04 13:56:57,2,84,24.1657,0.00,train_batch
2026-06-04 13:56:59,2,85,23.9337,0.00,train_batch
2026-06-04 13:57:00,2,86,24.3745,0.00,train_batch
2026-06-04 13:57:02,2,87,24.7520,0.00,train_batch
2026-06-04 13:57:03,2,88,24.8458,0.00,train_batch
2026-06-04 13:57:05,2,89,25.2667,0.00,train_batch
2026-06-04 13:57:06,2,90,24.7504,0.00,train_batch
2026-06-04 13:57:07,2,91,24.4396,0.00,train_batch
2026-06-04 13:57:08,2,92,24.7084,0.00,train_batch
2026-06-04 13:57:09,2,93,24.3303,0.00,train_batch
2026-06-04 13:57:10,2,94,24.4587,0.00,train_batch
2026-06-04 13:57:11,2,95,24.8391,0.00,train_batch
2026-06-04 13:57:12,2,96,24.6046,0.00,train_batch
2026-06-04 13:57:13,2,97,24.4998,0.00,train_batch
2026-06-04 13:57:14,2,98,24.2197,0.00,train_batch
2026-06-04 13:57:15,2,99,24.8282,0.00,train_batch
2026-06-04 13:57:16,2,100,24.4863,0.00,train_batch
2026-06-04 13:57:18,2,101,24.9981,0.00,train_batch
2026-06-04 13:57:19,2,102,24.6385,0.00,train_batch
2026-06-04 13:57:20,2,103,24.5246,0.00,train_batch
2026-06-04 13:57:21,2,104,24.9458,0.00,train_batch
2026-06-04 13:57:22,2,105,24.5621,0.00,train_batch
2026-06-04 13:57:23,2,106,24.4587,0.00,train_batch
2026-06-04 13:57:24,2,107,24.2003,0.00,train_batch
2026-06-04 13:57:25,2,108,24.3633,0.00,train_batch
2026-06-04 13:57:27,2,109,24.5807,0.00,train_batch
2026-06-04 13:57:28,2,110,24.3890,0.00,train_batch
2026-06-04 13:57:29,2,111,24.8040,0.00,train_batch
2026-06-04 13:57:30,2,112,23.8790,0.00,train_batch
2026-06-04 13:57:32,2,ALL,24.7813,0.00,train_epoch
2026-06-04 13:57:32,2,ALL,18.2557,1.33,val_epoch
2026-06-04 13:57:33,3,1,24.3369,0.00,train_batch
2026-06-04 13:57:35,3,2,24.3456,0.00,train_batch
2026-06-04 13:57:36,3,3,24.5787,0.00,train_batch
2026-06-04 13:57:37,3,4,24.3113,0.00,train_batch
2026-06-04 13:57:38,3,5,24.0455,0.00,train_batch
2026-06-04 13:57:39,3,6,24.0840,0.00,train_batch
2026-06-04 13:57:40,3,7,24.2827,0.00,train_batch
2026-06-04 13:57:41,3,8,24.3499,0.00,train_batch
2026-06-04 13:57:43,3,9,24.3476,0.00,train_batch
2026-06-04 13:57:44,3,10,24.4025,0.00,train_batch
2026-06-04 13:57:45,3,11,23.9730,0.00,train_batch
2026-06-04 13:57:46,3,12,24.3784,0.00,train_batch
2026-06-04 13:57:47,3,13,24.7083,0.00,train_batch
2026-06-04 13:57:48,3,14,23.5644,0.00,train_batch
2026-06-04 13:57:49,3,15,24.3563,0.00,train_batch
2026-06-04 13:57:50,3,16,24.2028,0.00,train_batch
2026-06-04 13:57:52,3,17,24.3502,0.00,train_batch
2026-06-04 13:57:53,3,18,24.9458,0.00,train_batch
2026-06-04 13:57:54,3,19,24.3166,0.00,train_batch
2026-06-04 13:57:55,3,20,24.1746,0.00,train_batch
2026-06-04 13:57:56,3,21,24.2520,0.00,train_batch
2026-06-04 13:57:57,3,22,23.5405,0.00,train_batch
2026-06-04 13:57:58,3,23,24.4144,0.00,train_batch
2026-06-04 13:57:59,3,24,24.1395,0.00,train_batch
2026-06-04 13:58:01,3,25,24.0803,0.00,train_batch
2026-06-04 13:58:02,3,26,23.8232,0.00,train_batch
2026-06-04 13:58:03,3,27,23.9573,0.00,train_batch
2026-06-04 13:58:04,3,28,24.3829,0.00,train_batch
2026-06-04 13:58:05,3,29,24.6866,0.00,train_batch
2026-06-04 13:58:06,3,30,24.1168,0.00,train_batch
2026-06-04 13:58:07,3,31,24.4841,0.00,train_batch
2026-06-04 13:58:08,3,32,24.3454,0.00,train_batch
2026-06-04 13:58:09,3,33,24.0900,0.00,train_batch
2026-06-04 13:58:10,3,34,24.1665,0.00,train_batch
2026-06-04 13:58:11,3,35,23.9983,0.00,train_batch
2026-06-04 13:58:12,3,36,24.2563,0.00,train_batch
2026-06-04 13:58:13,3,37,23.5199,0.00,train_batch
2026-06-04 13:58:15,3,38,23.9529,0.00,train_batch
2026-06-04 13:58:16,3,39,24.1319,0.00,train_batch
2026-06-04 13:58:17,3,40,23.7135,0.00,train_batch
2026-06-04 13:58:18,3,41,24.6525,0.00,train_batch
2026-06-04 13:58:19,3,42,24.6162,0.00,train_batch
2026-06-04 13:58:21,3,43,23.8795,0.00,train_batch
2026-06-04 13:58:22,3,44,23.9064,0.00,train_batch
2026-06-04 13:58:23,3,45,23.6442,0.00,train_batch
2026-06-04 13:58:23,3,46,24.1047,0.00,train_batch
2026-06-04 13:58:25,3,47,24.5807,0.00,train_batch
2026-06-04 13:58:26,3,48,24.0071,0.00,train_batch
2026-06-04 13:58:27,3,49,24.0314,0.00,train_batch
2026-06-04 13:58:27,3,50,23.9875,0.00,train_batch
2026-06-04 13:58:28,3,51,23.9307,0.00,train_batch
2026-06-04 13:58:29,3,52,24.2453,0.00,train_batch
2026-06-04 13:58:30,3,53,24.1747,0.00,train_batch
2026-06-04 13:58:31,3,54,24.0669,0.00,train_batch
2026-06-04 13:58:32,3,55,23.4368,0.00,train_batch
2026-06-04 13:58:33,3,56,24.0074,0.00,train_batch
2026-06-04 13:58:34,3,57,24.9884,0.00,train_batch
2026-06-04 13:58:35,3,58,24.1468,0.00,train_batch
2026-06-04 13:58:36,3,59,24.0140,0.00,train_batch
2026-06-04 13:58:37,3,60,24.1425,0.00,train_batch
2026-06-04 13:58:38,3,61,24.0266,0.00,train_batch
2026-06-04 13:58:39,3,62,24.1136,0.00,train_batch
2026-06-04 13:58:40,3,63,23.8743,0.00,train_batch
2026-06-04 13:58:42,3,64,23.9879,0.00,train_batch
2026-06-04 13:58:43,3,65,24.0842,0.00,train_batch
2026-06-04 13:58:44,3,66,23.8302,0.00,train_batch
2026-06-04 13:58:45,3,67,24.2144,0.00,train_batch
2026-06-04 13:58:46,3,68,23.8999,0.00,train_batch
2026-06-04 13:58:47,3,69,24.1361,0.00,train_batch
2026-06-04 13:58:48,3,70,24.2585,0.00,train_batch
2026-06-04 13:58:49,3,71,23.8242,0.00,train_batch
2026-06-04 13:58:50,3,72,24.0282,0.00,train_batch
2026-06-04 13:58:52,3,73,24.0484,0.00,train_batch
2026-06-04 13:58:53,3,74,24.2645,0.00,train_batch
2026-06-04 13:58:53,3,75,24.1036,0.00,train_batch
2026-06-04 13:58:54,3,76,23.6869,0.00,train_batch
2026-06-04 13:58:55,3,77,24.3561,0.00,train_batch
2026-06-04 13:58:56,3,78,23.8239,0.00,train_batch
2026-06-04 13:58:57,3,79,24.2024,0.00,train_batch
2026-06-04 13:58:58,3,80,23.8593,0.00,train_batch
2026-06-04 13:58:59,3,81,23.7922,0.00,train_batch
2026-06-04 13:59:00,3,82,24.3019,0.00,train_batch
2026-06-04 13:59:01,3,83,23.5576,0.00,train_batch
2026-06-04 13:59:02,3,84,24.0461,0.00,train_batch
2026-06-04 13:59:03,3,85,24.1157,0.00,train_batch
2026-06-04 13:59:04,3,86,23.6934,0.00,train_batch
2026-06-04 13:59:05,3,87,24.1676,0.00,train_batch
2026-06-04 13:59:06,3,88,23.8802,0.00,train_batch
2026-06-04 13:59:07,3,89,23.9594,0.00,train_batch
2026-06-04 13:59:08,3,90,23.5869,0.00,train_batch
2026-06-04 13:59:09,3,91,23.9690,0.00,train_batch
2026-06-04 13:59:10,3,92,24.5170,0.00,train_batch
2026-06-04 13:59:11,3,93,24.2392,0.00,train_batch
2026-06-04 13:59:12,3,94,23.6152,0.00,train_batch
2026-06-04 13:59:13,3,95,23.9079,0.00,train_batch
2026-06-04 13:59:14,3,96,24.3306,0.00,train_batch
2026-06-04 13:59:15,3,97,23.8838,0.00,train_batch
2026-06-04 13:59:16,3,98,24.0812,0.00,train_batch
2026-06-04 13:59:17,3,99,24.2769,0.00,train_batch
2026-06-04 13:59:18,3,100,24.0376,0.00,train_batch
2026-06-04 13:59:20,3,101,23.2769,0.00,train_batch
2026-06-04 13:59:21,3,102,23.7470,0.00,train_batch
2026-06-04 13:59:22,3,103,23.4809,0.00,train_batch
2026-06-04 13:59:23,3,104,24.5199,0.00,train_batch
2026-06-04 13:59:25,3,105,23.8503,0.00,train_batch
2026-06-04 13:59:26,3,106,23.5521,0.00,train_batch
2026-06-04 13:59:28,3,107,24.2874,0.00,train_batch
2026-06-04 13:59:29,3,108,23.9418,0.00,train_batch
2026-06-04 13:59:30,3,109,24.1053,0.00,train_batch
2026-06-04 13:59:31,3,110,24.1732,0.00,train_batch
2026-06-04 13:59:33,3,111,23.2055,0.00,train_batch
2026-06-04 13:59:34,3,112,23.3002,0.00,train_batch
2026-06-04 13:59:37,3,ALL,24.0776,0.00,train_epoch
2026-06-04 13:59:37,3,ALL,17.7706,2.67,val_epoch
2026-06-04 13:59:40,4,1,23.8456,0.00,train_batch
2026-06-04 13:59:41,4,2,23.5063,0.00,train_batch
2026-06-04 13:59:43,4,3,23.2997,0.00,train_batch
2026-06-04 13:59:45,4,4,23.5565,0.00,train_batch
2026-06-04 13:59:46,4,5,23.6205,0.00,train_batch
2026-06-04 13:59:48,4,6,23.6441,0.00,train_batch
2026-06-04 13:59:49,4,7,23.9280,0.00,train_batch
2026-06-04 13:59:50,4,8,23.3004,0.00,train_batch
2026-06-04 13:59:51,4,9,23.1784,0.00,train_batch
2026-06-04 13:59:52,4,10,23.6857,0.00,train_batch
2026-06-04 13:59:53,4,11,24.6877,0.00,train_batch
2026-06-04 13:59:55,4,12,23.3495,0.00,train_batch
2026-06-04 13:59:56,4,13,23.3241,0.00,train_batch
2026-06-04 13:59:57,4,14,23.3246,0.00,train_batch
2026-06-04 13:59:58,4,15,23.4738,0.00,train_batch
2026-06-04 13:59:59,4,16,22.9570,0.00,train_batch
2026-06-04 14:00:00,4,17,23.6916,0.00,train_batch
2026-06-04 14:00:01,4,18,23.8256,0.00,train_batch
2026-06-04 14:00:02,4,19,24.1221,0.00,train_batch
2026-06-04 14:00:04,4,20,23.7567,0.00,train_batch
2026-06-04 14:00:05,4,21,23.3607,0.00,train_batch
2026-06-04 14:00:06,4,22,23.2684,0.00,train_batch
2026-06-04 14:00:07,4,23,23.6921,0.00,train_batch
2026-06-04 14:00:08,4,24,23.0850,0.00,train_batch
2026-06-04 14:00:09,4,25,23.2877,0.00,train_batch
2026-06-04 14:00:10,4,26,23.2129,0.00,train_batch
2026-06-04 14:00:12,4,27,23.8372,0.00,train_batch
2026-06-04 14:00:13,4,28,23.1568,0.00,train_batch
2026-06-04 14:00:14,4,29,22.9941,0.00,train_batch
2026-06-04 14:00:15,4,30,23.3006,0.00,train_batch
2026-06-04 14:00:16,4,31,23.4754,0.00,train_batch
2026-06-04 14:00:17,4,32,23.6180,0.00,train_batch
2026-06-04 14:00:18,4,33,23.8967,0.00,train_batch
2026-06-04 14:00:19,4,34,23.7315,0.00,train_batch
2026-06-04 14:00:21,4,35,23.2557,0.00,train_batch
2026-06-04 14:00:22,4,36,23.0574,0.00,train_batch
2026-06-04 14:00:23,4,37,22.8249,0.00,train_batch
2026-06-04 14:00:24,4,38,23.7908,0.00,train_batch
2026-06-04 14:00:25,4,39,23.8043,0.00,train_batch
2026-06-04 14:00:26,4,40,23.9395,0.00,train_batch
2026-06-04 14:00:27,4,41,22.7717,0.00,train_batch
2026-06-04 14:00:28,4,42,23.3791,0.00,train_batch
2026-06-04 14:00:30,4,43,23.0933,0.00,train_batch
2026-06-04 14:00:31,4,44,23.3434,0.00,train_batch
2026-06-04 14:00:32,4,45,23.5841,0.00,train_batch
2026-06-04 14:00:33,4,46,22.9446,0.00,train_batch
2026-06-04 14:00:34,4,47,23.1014,0.00,train_batch
2026-06-04 14:00:35,4,48,22.1006,0.00,train_batch
2026-06-04 14:00:36,4,49,23.6126,0.00,train_batch
2026-06-04 14:00:37,4,50,23.5197,0.00,train_batch
2026-06-04 14:00:38,4,51,22.8861,0.00,train_batch
2026-06-04 14:00:39,4,52,23.4144,0.00,train_batch
2026-06-04 14:00:40,4,53,23.3436,0.00,train_batch
2026-06-04 14:00:41,4,54,23.5065,0.00,train_batch
2026-06-04 14:00:42,4,55,23.0896,0.00,train_batch
2026-06-04 14:00:43,4,56,23.3141,0.00,train_batch
2026-06-04 14:00:44,4,57,23.4615,0.00,train_batch
2026-06-04 14:00:45,4,58,23.6231,0.00,train_batch
2026-06-04 14:00:46,4,59,24.0233,0.00,train_batch
2026-06-04 14:00:47,4,60,23.3932,0.00,train_batch
2026-06-04 14:00:48,4,61,23.4665,0.00,train_batch
2026-06-04 14:00:49,4,62,23.6724,0.00,train_batch
2026-06-04 14:00:51,4,63,23.7622,0.00,train_batch
2026-06-04 14:00:52,4,64,22.9616,0.00,train_batch
2026-06-04 14:00:53,4,65,23.0246,0.00,train_batch
2026-06-04 14:00:54,4,66,22.8055,0.00,train_batch
2026-06-04 14:00:55,4,67,22.7485,0.00,train_batch
2026-06-04 14:00:56,4,68,23.2344,0.00,train_batch
2026-06-04 14:00:57,4,69,23.1993,0.00,train_batch
2026-06-04 14:00:58,4,70,23.2440,0.00,train_batch
2026-06-04 14:00:59,4,71,22.8882,0.00,train_batch
2026-06-04 14:01:00,4,72,23.3193,0.00,train_batch
2026-06-04 14:01:01,4,73,23.8563,0.00,train_batch
2026-06-04 14:01:02,4,74,22.9473,0.00,train_batch
2026-06-04 14:01:03,4,75,23.0151,0.00,train_batch
2026-06-04 14:01:04,4,76,23.1796,0.00,train_batch
2026-06-04 14:01:05,4,77,23.6216,0.00,train_batch
2026-06-04 14:01:06,4,78,23.0089,0.00,train_batch
2026-06-04 14:01:07,4,79,23.2209,0.00,train_batch
2026-06-04 14:01:08,4,80,23.0668,0.00,train_batch
2026-06-04 14:01:09,4,81,22.9100,0.00,train_batch
2026-06-04 14:01:10,4,82,23.0778,0.00,train_batch
2026-06-04 14:01:11,4,83,23.0725,0.00,train_batch
2026-06-04 14:01:12,4,84,23.3102,0.00,train_batch
2026-06-04 14:01:13,4,85,22.9858,0.00,train_batch
2026-06-04 14:01:14,4,86,23.5160,0.00,train_batch
2026-06-04 14:01:15,4,87,23.5909,0.00,train_batch
2026-06-04 14:01:16,4,88,23.2725,0.00,train_batch
2026-06-04 14:01:17,4,89,23.3509,0.00,train_batch
2026-06-04 14:01:18,4,90,22.8591,0.00,train_batch
2026-06-04 14:01:19,4,91,22.9385,0.00,train_batch
2026-06-04 14:01:20,4,92,22.5612,0.00,train_batch
2026-06-04 14:01:21,4,93,23.3229,0.00,train_batch
2026-06-04 14:01:22,4,94,22.8174,0.00,train_batch
2026-06-04 14:01:23,4,95,23.1437,0.00,train_batch
2026-06-04 14:01:24,4,96,22.8279,0.00,train_batch
2026-06-04 14:01:25,4,97,22.7862,0.00,train_batch
2026-06-04 14:01:26,4,98,22.7848,0.00,train_batch
2026-06-04 14:01:27,4,99,23.0755,0.00,train_batch
2026-06-04 14:01:28,4,100,23.4321,0.00,train_batch
2026-06-04 14:01:29,4,101,22.8198,0.00,train_batch
2026-06-04 14:01:30,4,102,23.1433,0.00,train_batch
2026-06-04 14:01:31,4,103,23.3061,0.00,train_batch
2026-06-04 14:01:32,4,104,22.8901,0.00,train_batch
2026-06-04 14:01:33,4,105,23.2662,0.00,train_batch
2026-06-04 14:01:34,4,106,23.1109,0.00,train_batch
2026-06-04 14:01:35,4,107,22.7795,0.00,train_batch
2026-06-04 14:01:37,4,108,22.9467,0.00,train_batch
2026-06-04 14:01:38,4,109,22.7145,0.00,train_batch
2026-06-04 14:01:38,4,110,23.0750,0.00,train_batch
2026-06-04 14:01:39,4,111,22.8267,0.00,train_batch
2026-06-04 14:01:41,4,112,22.9420,0.00,train_batch
2026-06-04 14:01:43,4,ALL,23.2846,0.00,train_epoch
2026-06-04 14:01:43,4,ALL,17.3904,4.89,val_epoch
2026-06-04 14:01:44,5,1,22.9139,0.00,train_batch
2026-06-04 14:01:46,5,2,23.2745,0.00,train_batch
2026-06-04 14:01:47,5,3,22.7868,0.00,train_batch
2026-06-04 14:01:48,5,4,22.3777,0.00,train_batch
2026-06-04 14:01:49,5,5,23.2157,0.00,train_batch
2026-06-04 14:01:50,5,6,22.4311,0.00,train_batch
2026-06-04 14:01:52,5,7,22.7865,0.00,train_batch
2026-06-04 14:01:53,5,8,22.1081,0.00,train_batch
2026-06-04 14:01:54,5,9,22.4589,0.00,train_batch
2026-06-04 14:01:56,5,10,22.8700,0.00,train_batch
2026-06-04 14:01:57,5,11,22.8003,0.00,train_batch
2026-06-04 14:01:58,5,12,22.4486,0.00,train_batch
2026-06-04 14:01:59,5,13,22.4602,0.00,train_batch
2026-06-04 14:02:00,5,14,23.0279,0.00,train_batch
2026-06-04 14:02:01,5,15,21.8060,0.00,train_batch
2026-06-04 14:02:02,5,16,22.3476,0.00,train_batch
2026-06-04 14:02:03,5,17,21.8561,0.00,train_batch
2026-06-04 14:02:04,5,18,22.0029,0.00,train_batch
2026-06-04 14:02:05,5,19,22.2086,0.00,train_batch
2026-06-04 14:02:06,5,20,22.6824,0.00,train_batch
2026-06-04 14:02:08,5,21,22.6378,0.00,train_batch
2026-06-04 14:02:09,5,22,22.8330,0.00,train_batch
2026-06-04 14:02:10,5,23,22.6553,0.00,train_batch
2026-06-04 14:02:11,5,24,22.2424,0.00,train_batch
2026-06-04 14:02:12,5,25,23.0852,0.00,train_batch
2026-06-04 14:02:13,5,26,23.2281,0.00,train_batch
2026-06-04 14:02:14,5,27,22.3138,0.00,train_batch
2026-06-04 14:02:16,5,28,22.5519,0.00,train_batch
2026-06-04 14:02:17,5,29,22.3606,0.00,train_batch
2026-06-04 14:02:18,5,30,22.7402,0.00,train_batch
2026-06-04 14:02:19,5,31,22.2619,0.00,train_batch
2026-06-04 14:02:20,5,32,22.4063,0.00,train_batch
2026-06-04 14:02:21,5,33,22.8779,0.00,train_batch
2026-06-04 14:02:23,5,34,23.0383,0.00,train_batch
2026-06-04 14:02:24,5,35,22.8025,0.00,train_batch
2026-06-04 14:02:25,5,36,23.1086,0.00,train_batch
2026-06-04 14:02:26,5,37,21.9362,0.00,train_batch
2026-06-04 14:02:27,5,38,23.4747,0.00,train_batch
2026-06-04 14:02:28,5,39,21.5020,0.00,train_batch
2026-06-04 14:02:29,5,40,22.7807,0.00,train_batch
2026-06-04 14:02:30,5,41,22.8052,0.00,train_batch
2026-06-04 14:02:31,5,42,22.4847,0.00,train_batch
2026-06-04 14:02:32,5,43,22.7777,0.00,train_batch
2026-06-04 14:02:34,5,44,22.2009,0.00,train_batch
2026-06-04 14:02:35,5,45,22.7596,0.00,train_batch
2026-06-04 14:02:36,5,46,22.8099,0.00,train_batch
2026-06-04 14:02:37,5,47,22.9296,0.00,train_batch
2026-06-04 14:02:38,5,48,22.0713,0.00,train_batch
2026-06-04 14:02:39,5,49,22.6913,0.00,train_batch
2026-06-04 14:02:40,5,50,22.7774,0.00,train_batch
2026-06-04 14:02:41,5,51,22.3257,0.00,train_batch
2026-06-04 14:02:42,5,52,22.6030,0.00,train_batch
2026-06-04 14:02:43,5,53,22.9418,0.00,train_batch
2026-06-04 14:02:44,5,54,22.4402,0.00,train_batch
2026-06-04 14:02:45,5,55,22.1040,0.00,train_batch
2026-06-04 14:02:46,5,56,22.3021,0.00,train_batch
2026-06-04 14:02:47,5,57,21.7217,0.00,train_batch
2026-06-04 14:02:48,5,58,22.2017,0.00,train_batch
2026-06-04 14:02:50,5,59,21.8295,0.00,train_batch
2026-06-04 14:02:51,5,60,22.4833,0.00,train_batch
2026-06-04 14:02:52,5,61,22.7624,0.00,train_batch
2026-06-04 14:02:53,5,62,22.1706,0.00,train_batch
2026-06-04 14:02:54,5,63,21.8103,0.00,train_batch
2026-06-04 14:02:55,5,64,22.8786,0.00,train_batch
2026-06-04 14:02:56,5,65,22.2623,0.00,train_batch
2026-06-04 14:02:57,5,66,22.7467,0.00,train_batch
2026-06-04 14:02:58,5,67,22.5486,0.00,train_batch
2026-06-04 14:02:59,5,68,22.8071,0.00,train_batch
2026-06-04 14:03:00,5,69,22.8222,0.00,train_batch
2026-06-04 14:03:01,5,70,22.3303,0.00,train_batch
2026-06-04 14:03:02,5,71,22.5211,0.00,train_batch
2026-06-04 14:03:04,5,72,22.5661,0.00,train_batch
2026-06-04 14:03:05,5,73,21.9103,0.00,train_batch
2026-06-04 14:03:07,5,74,22.3955,0.00,train_batch
2026-06-04 14:03:08,5,75,22.6848,0.00,train_batch
2026-06-04 14:03:10,5,76,22.8499,0.00,train_batch
2026-06-04 14:03:11,5,77,22.9913,0.00,train_batch
2026-06-04 14:03:13,5,78,22.6636,0.00,train_batch
2026-06-04 14:03:14,5,79,21.9734,0.00,train_batch
2026-06-04 14:03:15,5,80,22.9341,0.00,train_batch
2026-06-04 14:03:17,5,81,21.9553,0.00,train_batch
2026-06-04 14:03:18,5,82,22.3294,0.00,train_batch
2026-06-04 14:03:19,5,83,22.2845,0.00,train_batch
2026-06-04 14:03:21,5,84,22.4857,0.00,train_batch
2026-06-04 14:03:22,5,85,22.5985,0.00,train_batch
2026-06-04 14:03:23,5,86,21.6610,0.00,train_batch
2026-06-04 14:03:25,5,87,22.0396,0.00,train_batch
2026-06-04 14:03:26,5,88,22.4910,0.00,train_batch
2026-06-04 14:03:28,5,89,22.6935,0.00,train_batch
2026-06-04 14:03:29,5,90,21.7224,0.00,train_batch
2026-06-04 14:03:30,5,91,22.7055,0.00,train_batch
2026-06-04 14:03:31,5,92,22.5250,0.00,train_batch
2026-06-04 14:03:33,5,93,21.7937,0.00,train_batch
2026-06-04 14:03:34,5,94,21.2396,0.00,train_batch
2026-06-04 14:03:35,5,95,21.9594,0.00,train_batch
2026-06-04 14:03:36,5,96,22.4148,0.00,train_batch
2026-06-04 14:03:37,5,97,21.7958,0.00,train_batch
2026-06-04 14:03:39,5,98,21.7075,0.00,train_batch
2026-06-04 14:03:40,5,99,21.8895,0.00,train_batch
2026-06-04 14:03:41,5,100,21.6600,0.00,train_batch
2026-06-04 14:03:42,5,101,22.3364,0.00,train_batch
2026-06-04 14:03:43,5,102,22.1687,0.00,train_batch
2026-06-04 14:03:44,5,103,22.4087,0.00,train_batch
2026-06-04 14:03:46,5,104,22.3047,0.00,train_batch
2026-06-04 14:03:47,5,105,22.0013,0.00,train_batch
2026-06-04 14:03:48,5,106,22.2173,0.00,train_batch
2026-06-04 14:03:50,5,107,21.3734,0.00,train_batch
2026-06-04 14:03:51,5,108,22.3519,0.00,train_batch
2026-06-04 14:03:52,5,109,22.0805,0.00,train_batch
2026-06-04 14:03:54,5,110,22.4935,0.00,train_batch
2026-06-04 14:03:55,5,111,22.4962,0.00,train_batch
2026-06-04 14:03:57,5,112,22.3060,0.00,train_batch
2026-06-04 14:04:00,5,ALL,22.4293,0.00,train_epoch
2026-06-04 14:04:00,5,ALL,17.2732,6.22,val_epoch
2026-06-04 14:04:03,6,1,21.6542,0.00,train_batch
2026-06-04 14:04:06,6,2,21.5024,0.00,train_batch
2026-06-04 14:04:09,6,3,21.8994,0.00,train_batch
2026-06-04 14:04:12,6,4,21.7617,0.00,train_batch
2026-06-04 14:04:15,6,5,22.4461,0.00,train_batch
2026-06-04 14:04:17,6,6,22.1377,0.00,train_batch
2026-06-04 14:04:20,6,7,21.7830,0.00,train_batch
2026-06-04 14:04:22,6,8,21.9239,0.00,train_batch
2026-06-04 14:04:25,6,9,21.7766,0.00,train_batch
2026-06-04 14:04:28,6,10,21.7909,0.00,train_batch
2026-06-04 14:04:30,6,11,22.4793,0.00,train_batch
2026-06-04 14:04:33,6,12,22.6986,0.00,train_batch
2026-06-04 14:05:24,6,13,21.2265,0.00,train_batch
2026-06-04 14:05:28,6,14,21.3933,1.56,train_batch
2026-06-04 14:05:31,6,15,21.9417,0.00,train_batch
2026-06-04 14:05:34,6,16,21.7539,0.00,train_batch
2026-06-04 14:05:37,6,17,21.8048,0.00,train_batch
2026-06-04 14:05:39,6,18,22.1142,0.00,train_batch
2026-06-04 14:05:42,6,19,22.0122,0.00,train_batch
2026-06-04 14:05:45,6,20,21.5520,0.00,train_batch
2026-06-04 14:05:48,6,21,21.5573,0.00,train_batch
2026-06-04 14:05:51,6,22,21.4990,0.00,train_batch
2026-06-04 14:05:54,6,23,20.8657,0.00,train_batch
2026-06-04 14:05:57,6,24,22.4513,0.00,train_batch
2026-06-04 14:05:59,6,25,21.4573,0.00,train_batch
2026-06-04 14:06:02,6,26,20.8840,0.00,train_batch
2026-06-04 14:06:05,6,27,22.3372,0.00,train_batch
2026-06-04 14:06:08,6,28,22.6431,0.00,train_batch
2026-06-04 14:06:10,6,29,21.0078,0.00,train_batch
2026-06-04 14:06:13,6,30,21.4199,0.00,train_batch
2026-06-04 14:06:15,6,31,21.6988,0.00,train_batch
2026-06-04 14:06:18,6,32,22.1909,0.00,train_batch
2026-06-04 14:06:21,6,33,21.7149,0.00,train_batch
2026-06-04 14:06:24,6,34,21.1113,0.00,train_batch
2026-06-04 14:06:27,6,35,21.0925,0.00,train_batch
2026-06-04 14:06:29,6,36,21.7185,0.00,train_batch
2026-06-04 14:06:32,6,37,21.6189,0.00,train_batch
2026-06-04 14:06:34,6,38,22.6355,0.00,train_batch
2026-06-04 14:06:36,6,39,21.8287,0.00,train_batch
2026-06-04 14:06:38,6,40,22.1106,0.00,train_batch
2026-06-04 14:06:40,6,41,22.2549,0.00,train_batch
2026-06-04 14:06:43,6,42,21.5597,0.00,train_batch
2026-06-04 14:06:45,6,43,21.4018,0.00,train_batch
2026-06-04 14:06:48,6,44,22.2063,0.00,train_batch
2026-06-04 14:06:51,6,45,21.2781,0.00,train_batch
2026-06-04 14:06:53,6,46,21.6481,0.00,train_batch
2026-06-04 14:06:56,6,47,21.5826,0.00,train_batch
2026-06-04 14:06:58,6,48,21.9942,0.00,train_batch
2026-06-04 14:07:01,6,49,21.8991,0.00,train_batch
2026-06-04 14:07:04,6,50,21.3006,0.00,train_batch
2026-06-04 14:07:06,6,51,21.2256,0.00,train_batch
2026-06-04 14:07:09,6,52,22.7050,0.00,train_batch
2026-06-04 14:07:12,6,53,21.6220,0.00,train_batch
2026-06-04 14:07:15,6,54,20.6769,0.00,train_batch
2026-06-04 14:07:17,6,55,21.1616,0.00,train_batch
2026-06-04 14:07:20,6,56,20.8054,0.00,train_batch
2026-06-04 14:07:23,6,57,22.0643,0.00,train_batch
2026-06-04 14:07:26,6,58,21.2698,0.00,train_batch
2026-06-04 14:07:28,6,59,21.4698,0.00,train_batch
2026-06-04 14:07:31,6,60,21.3704,0.00,train_batch
2026-06-04 14:07:34,6,61,21.4182,0.00,train_batch
2026-06-04 14:07:37,6,62,21.4932,0.00,train_batch
2026-06-04 14:07:40,6,63,21.5025,0.00,train_batch
2026-06-04 14:07:42,6,64,21.7201,0.00,train_batch
2026-06-04 14:07:45,6,65,21.7917,0.00,train_batch
2026-06-04 14:07:48,6,66,21.4958,0.00,train_batch
2026-06-04 14:07:50,6,67,21.4919,0.00,train_batch
2026-06-04 14:07:53,6,68,21.4848,0.00,train_batch
2026-06-04 14:07:56,6,69,21.4693,0.00,train_batch
2026-06-04 14:07:58,6,70,21.8366,0.00,train_batch
2026-06-04 14:08:01,6,71,20.4262,0.00,train_batch
2026-06-04 14:08:04,6,72,21.9122,0.00,train_batch
2026-06-04 14:08:07,6,73,20.8523,0.00,train_batch
2026-06-04 14:08:10,6,74,21.7347,0.00,train_batch
2026-06-04 14:08:12,6,75,20.9046,0.00,train_batch
2026-06-04 14:08:15,6,76,21.8899,0.00,train_batch
2026-06-04 14:08:18,6,77,20.5677,0.00,train_batch
2026-06-04 14:08:21,6,78,21.7720,0.00,train_batch
2026-06-04 14:08:23,6,79,21.6311,0.00,train_batch
2026-06-04 14:08:26,6,80,21.5235,0.00,train_batch
2026-06-04 14:08:29,6,81,21.6893,0.00,train_batch
2026-06-04 14:08:32,6,82,21.0912,0.00,train_batch
2026-06-04 14:08:35,6,83,21.5283,0.00,train_batch
2026-06-04 14:08:37,6,84,21.7924,0.00,train_batch
2026-06-04 14:08:40,6,85,21.6894,0.00,train_batch
2026-06-04 14:08:43,6,86,21.7361,0.00,train_batch
2026-06-04 14:08:45,6,87,21.3214,0.00,train_batch
2026-06-04 14:08:47,6,88,21.5224,0.00,train_batch
2026-06-04 14:08:50,6,89,21.8567,0.00,train_batch
2026-06-04 14:08:53,6,90,21.4397,0.00,train_batch
2026-06-04 14:08:55,6,91,21.4402,0.00,train_batch
2026-06-04 14:08:58,6,92,21.7209,0.00,train_batch
2026-06-04 14:09:01,6,93,21.2308,1.56,train_batch
2026-06-04 14:09:03,6,94,20.9613,0.00,train_batch
2026-06-04 14:09:06,6,95,20.3870,0.00,train_batch
2026-06-04 14:09:09,6,96,21.4930,0.00,train_batch
2026-06-04 14:09:12,6,97,20.8957,0.00,train_batch
2026-06-04 14:09:14,6,98,21.5504,0.00,train_batch
2026-06-04 14:09:17,6,99,21.5588,0.00,train_batch
2026-06-04 14:09:20,6,100,21.1045,0.00,train_batch
2026-06-04 14:09:22,6,101,21.0104,0.00,train_batch
2026-06-04 14:09:25,6,102,21.0313,0.00,train_batch
2026-06-04 14:09:28,6,103,21.1978,0.00,train_batch
2026-06-04 14:09:31,6,104,21.7585,0.00,train_batch
2026-06-04 14:09:33,6,105,20.1382,0.00,train_batch
2026-06-04 14:09:36,6,106,21.5443,0.00,train_batch
2026-06-04 14:09:39,6,107,21.4327,0.00,train_batch
2026-06-04 14:09:42,6,108,21.2303,0.00,train_batch
2026-06-04 14:09:44,6,109,20.6085,0.00,train_batch
2026-06-04 14:09:47,6,110,20.7645,0.00,train_batch
2026-06-04 14:09:50,6,111,21.7103,0.00,train_batch
2026-06-04 14:09:53,6,112,20.8817,0.00,train_batch
2026-06-04 14:09:56,6,ALL,21.5467,0.03,train_epoch
2026-06-04 14:09:56,6,ALL,16.8288,6.67,val_epoch
2026-06-04 14:10:07,7,1,20.1421,0.00,train_batch
2026-06-04 14:10:10,7,2,20.4439,0.00,train_batch
2026-06-04 14:10:12,7,3,20.8764,0.00,train_batch
2026-06-04 14:10:15,7,4,20.5686,0.00,train_batch
2026-06-04 14:10:18,7,5,21.1679,0.00,train_batch
2026-06-04 14:10:20,7,6,21.1435,0.00,train_batch
2026-06-04 14:10:23,7,7,20.0215,0.00,train_batch
2026-06-04 14:10:25,7,8,21.1065,0.00,train_batch
2026-06-04 14:10:28,7,9,21.4580,0.00,train_batch
2026-06-04 14:10:31,7,10,21.0219,0.00,train_batch
2026-06-04 14:10:33,7,11,21.2505,0.00,train_batch
2026-06-04 14:10:36,7,12,20.5339,0.00,train_batch
2026-06-04 14:10:39,7,13,20.8172,0.00,train_batch
2026-06-04 14:10:41,7,14,20.5853,0.00,train_batch
2026-06-04 14:10:43,7,15,21.6296,0.00,train_batch
2026-06-04 14:10:45,7,16,19.8860,0.00,train_batch
2026-06-04 14:10:48,7,17,20.2636,0.00,train_batch
2026-06-04 14:10:50,7,18,21.4068,0.00,train_batch
2026-06-04 14:10:52,7,19,21.2479,0.00,train_batch
2026-06-04 14:10:54,7,20,21.6600,0.00,train_batch
2026-06-04 14:10:56,7,21,21.0717,0.00,train_batch
2026-06-04 14:10:59,7,22,20.6022,0.00,train_batch
2026-06-04 14:11:01,7,23,20.4932,0.00,train_batch
2026-06-04 14:11:04,7,24,21.1172,0.00,train_batch
2026-06-04 14:11:06,7,25,21.0868,0.00,train_batch
2026-06-04 14:11:09,7,26,20.6863,0.00,train_batch
2026-06-04 14:11:11,7,27,20.8517,0.00,train_batch
2026-06-04 14:11:14,7,28,20.9208,0.00,train_batch
2026-06-04 14:11:16,7,29,20.1973,0.00,train_batch
2026-06-04 14:11:19,7,30,20.7694,0.00,train_batch
2026-06-04 14:11:22,7,31,19.9260,0.00,train_batch
2026-06-04 14:11:24,7,32,21.2703,0.00,train_batch
2026-06-04 14:11:27,7,33,20.3262,0.00,train_batch
2026-06-04 14:11:29,7,34,20.2008,0.00,train_batch
2026-06-04 14:11:32,7,35,20.0386,0.00,train_batch
2026-06-04 14:11:35,7,36,20.6432,0.00,train_batch
2026-06-04 14:11:38,7,37,20.9852,0.00,train_batch
2026-06-04 14:11:40,7,38,20.2418,0.00,train_batch
2026-06-04 14:11:43,7,39,20.5610,0.00,train_batch
2026-06-04 14:11:45,7,40,20.4474,0.00,train_batch
2026-06-04 14:11:48,7,41,20.8770,0.00,train_batch
2026-06-04 14:11:50,7,42,19.6520,0.00,train_batch
2026-06-04 14:11:53,7,43,20.2187,0.00,train_batch
2026-06-04 14:11:55,7,44,19.9677,0.00,train_batch
2026-06-04 14:11:58,7,45,20.1913,0.00,train_batch
2026-06-04 14:12:00,7,46,21.4301,0.00,train_batch
2026-06-04 14:12:03,7,47,20.1970,0.00,train_batch
2026-06-04 14:12:06,7,48,19.6972,0.00,train_batch
2026-06-04 14:12:08,7,49,20.3215,0.00,train_batch
2026-06-04 14:12:10,7,50,20.2325,0.00,train_batch
2026-06-04 14:12:12,7,51,20.7679,0.00,train_batch
2026-06-04 14:12:14,7,52,21.1377,0.00,train_batch
2026-06-04 14:12:16,7,53,20.0470,0.00,train_batch
2026-06-04 14:12:19,7,54,19.9995,0.00,train_batch
2026-06-04 14:12:21,7,55,20.8696,0.00,train_batch
2026-06-04 14:12:23,7,56,20.3875,0.00,train_batch
2026-06-04 14:12:25,7,57,20.6922,0.00,train_batch
2026-06-04 14:12:27,7,58,20.3457,0.00,train_batch
2026-06-04 14:12:29,7,59,20.4223,0.00,train_batch
2026-06-04 14:12:31,7,60,20.3549,0.00,train_batch
2026-06-04 14:12:33,7,61,20.3275,0.00,train_batch
2026-06-04 14:12:35,7,62,20.5666,0.00,train_batch
2026-06-04 14:12:38,7,63,20.4225,0.00,train_batch
2026-06-04 14:12:40,7,64,20.6102,0.00,train_batch
2026-06-04 14:12:42,7,65,20.1111,1.56,train_batch
2026-06-04 14:12:45,7,66,20.5776,0.00,train_batch
2026-06-04 14:12:47,7,67,20.0264,0.00,train_batch
2026-06-04 14:12:50,7,68,20.1641,0.00,train_batch
2026-06-04 14:12:52,7,69,20.3814,0.00,train_batch
2026-06-04 14:12:55,7,70,20.4270,0.00,train_batch
2026-06-04 14:12:58,7,71,20.2440,0.00,train_batch
2026-06-04 14:13:00,7,72,20.3357,0.00,train_batch
2026-06-04 14:13:03,7,73,20.8206,0.00,train_batch
2026-06-04 14:13:06,7,74,19.5831,0.00,train_batch
2026-06-04 14:13:08,7,75,20.0001,0.00,train_batch
2026-06-04 14:13:11,7,76,20.5392,0.00,train_batch
2026-06-04 14:13:13,7,77,20.8622,0.00,train_batch
2026-06-04 14:13:16,7,78,20.5298,0.00,train_batch
2026-06-04 14:13:19,7,79,20.5973,0.00,train_batch
2026-06-04 14:13:22,7,80,19.5759,0.00,train_batch
2026-06-04 14:13:24,7,81,20.2184,0.00,train_batch
2026-06-04 14:13:27,7,82,19.9709,0.00,train_batch
2026-06-04 14:13:30,7,83,20.1075,0.00,train_batch
2026-06-04 14:13:32,7,84,20.3819,0.00,train_batch
2026-06-04 14:13:35,7,85,19.9645,0.00,train_batch
2026-06-04 14:13:38,7,86,20.7266,0.00,train_batch
2026-06-04 14:13:40,7,87,20.5810,0.00,train_batch
2026-06-04 14:13:42,7,88,20.6102,0.00,train_batch
2026-06-04 14:13:45,7,89,20.8077,0.00,train_batch
2026-06-04 14:13:48,7,90,19.9653,0.00,train_batch
2026-06-04 14:13:50,7,91,20.8530,0.00,train_batch
2026-06-04 14:13:53,7,92,19.9000,0.00,train_batch
2026-06-04 14:13:56,7,93,20.2165,0.00,train_batch
2026-06-04 14:13:58,7,94,20.1890,0.00,train_batch
2026-06-04 14:14:01,7,95,19.6251,0.00,train_batch
2026-06-04 14:14:04,7,96,20.1947,0.00,train_batch
2026-06-04 14:14:06,7,97,20.5987,0.00,train_batch
2026-06-04 14:14:09,7,98,20.5336,0.00,train_batch
2026-06-04 14:14:11,7,99,20.3652,0.00,train_batch
2026-06-04 14:14:13,7,100,20.2426,0.00,train_batch
2026-06-04 14:14:15,7,101,20.1694,0.00,train_batch
2026-06-04 14:14:18,7,102,19.9878,0.00,train_batch
2026-06-04 14:14:21,7,103,19.5649,0.00,train_batch
2026-06-04 14:14:23,7,104,19.8444,0.00,train_batch
2026-06-04 14:14:26,7,105,20.0095,0.00,train_batch
2026-06-04 14:14:29,7,106,19.7273,0.00,train_batch
2026-06-04 14:14:31,7,107,19.5978,0.00,train_batch
2026-06-04 14:14:34,7,108,20.3481,0.00,train_batch
2026-06-04 14:14:37,7,109,19.8194,1.56,train_batch
2026-06-04 14:14:40,7,110,19.3152,0.00,train_batch
2026-06-04 14:14:42,7,111,19.3856,0.00,train_batch
2026-06-04 14:14:45,7,112,20.1751,0.00,train_batch
2026-06-04 14:14:48,7,ALL,20.4301,0.03,train_epoch
2026-06-04 14:14:48,7,ALL,16.6696,8.00,val_epoch
2026-06-04 14:15:01,8,1,20.2532,0.00,train_batch
2026-06-04 14:15:04,8,2,20.0657,0.00,train_batch
2026-06-04 14:15:07,8,3,19.6393,0.00,train_batch
2026-06-04 14:15:10,8,4,19.1755,0.00,train_batch
2026-06-04 14:15:13,8,5,19.3551,0.00,train_batch
2026-06-04 14:15:15,8,6,18.9764,0.00,train_batch
2026-06-04 14:15:18,8,7,19.1131,0.00,train_batch
2026-06-04 14:15:21,8,8,18.9225,0.00,train_batch
2026-06-04 14:15:24,8,9,19.4284,0.00,train_batch
2026-06-04 14:15:27,8,10,19.7440,0.00,train_batch
2026-06-04 14:15:30,8,11,20.0060,0.00,train_batch
2026-06-04 14:15:32,8,12,19.8093,0.00,train_batch
2026-06-04 14:15:35,8,13,19.8826,0.00,train_batch
2026-06-04 14:15:38,8,14,19.6847,0.00,train_batch
2026-06-04 14:15:40,8,15,19.9474,0.00,train_batch
2026-06-04 14:15:43,8,16,19.8438,0.00,train_batch
2026-06-04 14:15:46,8,17,18.9767,0.00,train_batch
2026-06-04 14:15:48,8,18,19.2769,0.00,train_batch
2026-06-04 14:15:50,8,19,20.0593,0.00,train_batch
2026-06-04 14:15:53,8,20,19.9822,0.00,train_batch
2026-06-04 14:15:55,8,21,19.1608,0.00,train_batch
2026-06-04 14:15:57,8,22,19.6059,0.00,train_batch
2026-06-04 14:16:00,8,23,19.4819,0.00,train_batch
2026-06-04 14:16:02,8,24,19.8067,0.00,train_batch
2026-06-04 14:16:05,8,25,19.0933,0.00,train_batch
2026-06-04 14:16:07,8,26,19.9291,0.00,train_batch
2026-06-04 14:16:10,8,27,18.8609,0.00,train_batch
2026-06-04 14:16:12,8,28,18.5446,0.00,train_batch
2026-06-04 14:16:15,8,29,18.7220,0.00,train_batch
2026-06-04 14:16:18,8,30,19.2531,0.00,train_batch
2026-06-04 14:16:20,8,31,20.1446,0.00,train_batch
2026-06-04 14:16:22,8,32,19.5894,0.00,train_batch
2026-06-04 14:16:25,8,33,18.9043,0.00,train_batch
2026-06-04 14:16:27,8,34,19.6868,0.00,train_batch
2026-06-04 14:16:29,8,35,19.3713,0.00,train_batch
2026-06-04 14:16:32,8,36,19.5074,0.00,train_batch
2026-06-04 14:16:34,8,37,19.0925,0.00,train_batch
2026-06-04 14:16:36,8,38,18.7888,0.00,train_batch
2026-06-04 14:16:38,8,39,19.1755,0.00,train_batch
2026-06-04 14:16:40,8,40,20.0822,0.00,train_batch
2026-06-04 14:16:43,8,41,20.2943,0.00,train_batch
2026-06-04 14:16:45,8,42,19.6114,0.00,train_batch
2026-06-04 14:16:48,8,43,19.5238,0.00,train_batch
2026-06-04 14:16:50,8,44,19.2390,0.00,train_batch
2026-06-04 14:16:53,8,45,19.2584,0.00,train_batch
2026-06-04 14:16:55,8,46,19.4400,0.00,train_batch
2026-06-04 14:16:58,8,47,18.9831,0.00,train_batch
2026-06-04 14:17:01,8,48,19.1755,0.00,train_batch
2026-06-04 14:17:03,8,49,18.6065,0.00,train_batch
2026-06-04 14:17:06,8,50,19.3203,0.00,train_batch
2026-06-04 14:17:09,8,51,19.9643,0.00,train_batch
2026-06-04 14:17:11,8,52,19.4127,0.00,train_batch
2026-06-04 14:17:14,8,53,18.5652,0.00,train_batch
2026-06-04 14:17:17,8,54,19.1485,0.00,train_batch
2026-06-04 14:17:19,8,55,20.4038,0.00,train_batch
2026-06-04 14:17:22,8,56,19.4511,0.00,train_batch
2026-06-04 14:17:25,8,57,19.3115,0.00,train_batch
2026-06-04 14:17:27,8,58,19.5068,0.00,train_batch
2026-06-04 14:17:30,8,59,18.9760,0.00,train_batch
2026-06-04 14:17:33,8,60,20.2935,0.00,train_batch
2026-06-04 14:17:35,8,61,19.3723,0.00,train_batch
2026-06-04 14:17:38,8,62,19.4621,0.00,train_batch
2026-06-04 14:17:41,8,63,19.2186,0.00,train_batch
2026-06-04 14:17:43,8,64,18.9897,0.00,train_batch
2026-06-04 14:17:46,8,65,19.4156,0.00,train_batch
2026-06-04 14:17:49,8,66,19.4465,0.00,train_batch
2026-06-04 14:17:51,8,67,19.4991,0.00,train_batch
2026-06-04 14:17:54,8,68,18.3310,0.00,train_batch
2026-06-04 14:17:56,8,69,20.2413,0.00,train_batch
2026-06-04 14:17:59,8,70,19.4064,0.00,train_batch
2026-06-04 14:18:02,8,71,19.1958,0.00,train_batch
2026-06-04 14:18:04,8,72,19.6694,0.00,train_batch
2026-06-04 14:18:07,8,73,18.6158,0.00,train_batch
2026-06-04 14:18:10,8,74,18.6493,0.00,train_batch
2026-06-04 14:18:13,8,75,19.3729,0.00,train_batch
2026-06-04 14:18:15,8,76,18.7724,0.00,train_batch
2026-06-04 14:18:17,8,77,18.7489,0.00,train_batch
2026-06-04 14:18:20,8,78,19.3786,0.00,train_batch
2026-06-04 14:18:23,8,79,19.2287,0.00,train_batch
2026-06-04 14:18:25,8,80,19.1754,0.00,train_batch
2026-06-04 14:18:28,8,81,19.3570,0.00,train_batch
2026-06-04 14:18:30,8,82,18.9745,0.00,train_batch
2026-06-04 14:18:33,8,83,18.8892,0.00,train_batch
2026-06-04 14:18:35,8,84,18.3736,0.00,train_batch
2026-06-04 14:18:38,8,85,18.6770,0.00,train_batch
2026-06-04 14:18:40,8,86,18.8133,0.00,train_batch
2026-06-04 14:18:43,8,87,19.3676,0.00,train_batch
2026-06-04 14:18:45,8,88,19.8734,0.00,train_batch
2026-06-04 14:18:48,8,89,18.9765,0.00,train_batch
2026-06-04 14:18:50,8,90,19.3378,0.00,train_batch
2026-06-04 14:18:52,8,91,18.9413,0.00,train_batch
2026-06-04 14:18:55,8,92,18.1245,0.00,train_batch
2026-06-04 14:18:57,8,93,19.7010,0.00,train_batch
2026-06-04 14:19:00,8,94,19.1069,0.00,train_batch
2026-06-04 14:19:03,8,95,19.0972,0.00,train_batch
2026-06-04 14:19:05,8,96,18.4137,0.00,train_batch
2026-06-04 14:19:08,8,97,18.6503,0.00,train_batch
2026-06-04 14:19:11,8,98,18.5332,0.00,train_batch
2026-06-04 14:19:13,8,99,18.5345,0.00,train_batch
2026-06-04 14:19:16,8,100,19.1188,0.00,train_batch
2026-06-04 14:19:18,8,101,19.3349,0.00,train_batch
2026-06-04 14:19:21,8,102,18.9033,0.00,train_batch
2026-06-04 14:19:24,8,103,18.6909,0.00,train_batch
2026-06-04 14:19:26,8,104,19.2880,0.00,train_batch
2026-06-04 14:19:28,8,105,19.8358,0.00,train_batch
2026-06-04 14:19:31,8,106,18.2826,0.00,train_batch
2026-06-04 14:19:34,8,107,18.9809,0.00,train_batch
2026-06-04 14:19:36,8,108,17.7686,0.00,train_batch
2026-06-04 14:19:39,8,109,18.6922,0.00,train_batch
2026-06-04 14:19:42,8,110,19.2556,0.00,train_batch
2026-06-04 14:19:44,8,111,18.8972,1.56,train_batch
2026-06-04 14:19:47,8,112,18.8950,0.00,train_batch
2026-06-04 14:19:50,8,ALL,19.2617,0.01,train_epoch
2026-06-04 14:19:50,8,ALL,16.5650,8.44,val_epoch
2026-06-04 14:20:02,9,1,19.1491,0.00,train_batch
2026-06-04 14:20:05,9,2,17.7636,0.00,train_batch
2026-06-04 14:20:08,9,3,18.6169,0.00,train_batch
2026-06-04 14:20:11,9,4,17.7044,0.00,train_batch
2026-06-04 14:20:13,9,5,17.9943,0.00,train_batch
2026-06-04 14:20:16,9,6,18.6683,0.00,train_batch
2026-06-04 14:20:19,9,7,18.1098,0.00,train_batch
2026-06-04 14:20:22,9,8,18.2847,0.00,train_batch
2026-06-04 14:20:25,9,9,18.2047,0.00,train_batch
2026-06-04 14:20:28,9,10,18.6323,0.00,train_batch
2026-06-04 14:20:30,9,11,17.8829,0.00,train_batch
2026-06-04 14:20:33,9,12,18.5178,1.56,train_batch
2026-06-04 14:20:36,9,13,18.7364,0.00,train_batch
2026-06-04 14:20:39,9,14,18.8884,0.00,train_batch
2026-06-04 14:20:41,9,15,18.4339,0.00,train_batch
2026-06-04 14:20:44,9,16,18.6606,0.00,train_batch
2026-06-04 14:20:46,9,17,18.3527,0.00,train_batch
2026-06-04 14:20:49,9,18,18.3393,0.00,train_batch
2026-06-04 14:20:52,9,19,18.2115,0.00,train_batch
2026-06-04 14:20:54,9,20,18.6968,0.00,train_batch
2026-06-04 14:20:57,9,21,18.3132,0.00,train_batch
2026-06-04 14:20:59,9,22,18.1699,0.00,train_batch
2026-06-04 14:21:01,9,23,17.9713,0.00,train_batch
2026-06-04 14:21:04,9,24,17.9629,0.00,train_batch
2026-06-04 14:21:06,9,25,18.5656,0.00,train_batch
2026-06-04 14:21:09,9,26,18.7027,0.00,train_batch
2026-06-04 14:21:12,9,27,18.6784,0.00,train_batch
2026-06-04 14:21:14,9,28,18.4745,0.00,train_batch
2026-06-04 14:21:17,9,29,18.0953,0.00,train_batch
2026-06-04 14:21:20,9,30,18.4033,0.00,train_batch
2026-06-04 14:21:22,9,31,18.5066,0.00,train_batch
2026-06-04 14:21:25,9,32,18.6676,0.00,train_batch
2026-06-04 14:21:28,9,33,18.0621,0.00,train_batch
2026-06-04 14:21:30,9,34,18.5731,0.00,train_batch
2026-06-04 14:21:33,9,35,18.0342,0.00,train_batch
2026-06-04 14:21:36,9,36,18.3229,0.00,train_batch
2026-06-04 14:21:38,9,37,18.3883,0.00,train_batch
2026-06-04 14:21:41,9,38,17.9300,0.00,train_batch
2026-06-04 14:21:43,9,39,17.9951,0.00,train_batch
2026-06-04 14:21:46,9,40,17.9418,0.00,train_batch
2026-06-04 14:21:49,9,41,18.2999,0.00,train_batch
2026-06-04 14:21:51,9,42,18.5838,0.00,train_batch
2026-06-04 14:21:54,9,43,17.9760,0.00,train_batch
2026-06-04 14:21:56,9,44,17.4681,0.00,train_batch
2026-06-04 14:21:58,9,45,18.7501,0.00,train_batch
2026-06-04 14:22:00,9,46,17.8802,0.00,train_batch
2026-06-04 14:22:02,9,47,18.3244,0.00,train_batch
2026-06-04 14:22:04,9,48,18.8429,0.00,train_batch
2026-06-04 14:22:06,9,49,18.0437,0.00,train_batch
2026-06-04 14:22:08,9,50,18.1104,0.00,train_batch
2026-06-04 14:22:10,9,51,17.2313,0.00,train_batch
2026-06-04 14:22:12,9,52,18.3262,0.00,train_batch
2026-06-04 14:22:14,9,53,18.1259,0.00,train_batch
2026-06-04 14:22:17,9,54,18.0068,0.00,train_batch
2026-06-04 14:22:19,9,55,18.2245,0.00,train_batch
2026-06-04 14:22:20,9,56,18.4058,0.00,train_batch
2026-06-04 14:22:23,9,57,18.1483,0.00,train_batch
2026-06-04 14:22:25,9,58,17.6753,0.00,train_batch
2026-06-04 14:22:27,9,59,18.3975,0.00,train_batch
2026-06-04 14:22:30,9,60,18.5347,0.00,train_batch
2026-06-04 14:22:32,9,61,17.6884,0.00,train_batch
2026-06-04 14:22:35,9,62,17.7867,0.00,train_batch
2026-06-04 14:22:37,9,63,18.2165,0.00,train_batch
2026-06-04 14:22:40,9,64,18.0889,0.00,train_batch
2026-06-04 14:22:42,9,65,18.0785,0.00,train_batch
2026-06-04 14:22:45,9,66,17.6756,0.00,train_batch
2026-06-04 14:22:47,9,67,17.9719,0.00,train_batch
2026-06-04 14:22:50,9,68,17.9993,0.00,train_batch
2026-06-04 14:22:52,9,69,18.4372,0.00,train_batch
